{
  "horizon": "1h",
  "timestamp": "2026-01-21T21:23:58.328745",
  "best_model": "LightGBM_Regressor",
  "version": 9,
  "previous_version_r2": -0.09485550810898058,
  "r2_improvement": -0.006568318462251366,
  "target_type": "volatility_scaled_return",
  "skill_score": 0.5052020366424065,
  "test_metrics": {
    "r2": -0.10142382657123195,
    "r2_ci_lower": -0.25601834121355743,
    "r2_ci_upper": 0.010017140430490753,
    "mae": 0.08617357645228005,
    "mae_ci_lower": 0.059994122173365284,
    "mae_ci_upper": 0.13450099281696162,
    "rmse": 0.17415889429158118,
    "mape": 138.42377134451468,
    "directional_accuracy": 0.5901639344262295
  },
  "train_metrics": {
    "r2": -0.06857801204810121,
    "mae": 0.12268666131967439
  },
  "baseline_comparison": {
    "baseline_r2": -1.2260071951331502,
    "baseline_mae": 0.15599180645161292,
    "r2_improvement": 1.1245833685619182,
    "mae_improvement_pct": 44.75762643404593
  },
  "overfitting": {
    "r2_gap": 0.032845814523130734,
    "mae_gap": 0.03651308486739434,
    "status": "OK"
  },
  "error_distribution": {
    "mean": 0.06533349224629133,
    "std": 0.16143994317321206,
    "skewness": 2.113635362680016,
    "kurtosis": 3.2857491487422053
  },
  "data_info": {
    "training_samples": 196,
    "validation_samples": 49,
    "test_samples": 62,
    "selected_features": 12,
    "original_features": 162
  }
}