{
  "episode": 5000,
  "avg_reward_last_50": 0.24468081280914572,
  "avg_savings_last_50": -0.40172980768861,
  "avg_loss_last_50": 0.0023494506106064707,
  "epsilon": 0.05019000000000007,
  "training_steps": 14298,
  "timestamp": "2026-01-23T19:49:48.231771",
  "eval_metrics": {
    "avg_reward": 0.007756284082002424,
    "avg_savings": 0.22831794235674657,
    "median_savings": 25.14198792884391,
    "positive_savings_rate": 82.0,
    "avg_wait_time": 5.84,
    "action_distribution": {
      "wait": 292,
      "execute": 50
    },
    "avg_confidence": 0.5626602063053533,
    "price_improvement": 22.831794235674657,
    "net_savings": 0.22831794235674657
  }
}