{
  "chain_id": 8453,
  "chain_name": "Base",
  "total_episodes": 5000,
  "actual_episodes": 5000,
  "early_stopped": false,
  "training_time_minutes": 0.3889744,
  "final_avg_reward_last_100": 0.020644350366602594,
  "final_avg_savings_last_100": -0.20729023169338867,
  "best_avg_reward": 0.08923082164468962,
  "best_avg_savings": 0.0892972598016602,
  "best_eval_savings": 0.08449692328246315,
  "eval_metrics": {
    "avg_reward": 0.031168111749462064,
    "avg_savings": -0.7426182597153093,
    "median_savings": 0.0,
    "positive_savings_rate": 16.666666666666664,
    "avg_wait_time": 0.4666666666666667,
    "action_distribution": {
      "wait": 14,
      "execute": 30
    },
    "avg_confidence": 0.6297660632566973,
    "price_improvement": -74.26182597153093,
    "net_savings": -0.7426182597153093
  },
  "total_training_steps": 9169,
  "final_epsilon": 0.05019000000000007,
  "final_buffer_size": 10272,
  "timestamp": "2026-01-23T19:59:28.955911"
}