{
  "episode": 500,
  "avg_reward_last_50": 0.4322900810847463,
  "avg_savings_last_50": -0.5491825364924501,
  "avg_loss_last_50": 0.7151990176572367,
  "epsilon": 0.05190000000000006,
  "training_steps": 2355,
  "timestamp": "2026-01-24T18:28:37.868172",
  "eval_metrics": {
    "avg_reward": 0.618620084491475,
    "avg_savings": 0.3504438556167909,
    "median_savings": 50.77302369177907,
    "positive_savings_rate": 85.0,
    "avg_wait_time": 13.35,
    "action_distribution": {
      "wait": 267,
      "execute": 20
    },
    "avg_confidence": 0.5672487803452522,
    "price_improvement": 35.04438556167909,
    "net_savings": 0.3504438556167909
  }
}