{
  "chain_id": 8453,
  "chain_name": "Base",
  "total_episodes": 1000,
  "training_time_minutes": 0.0361572,
  "final_avg_reward_last_100": 0.1245235981141624,
  "final_avg_savings_last_100": -4.230026481338274,
  "best_avg_reward": 0.01970232269193858,
  "best_avg_savings": -0.1417087849032522,
  "best_eval_savings": 0.12904004311508477,
  "eval_metrics": {
    "avg_reward": 0.19181536804625782,
    "avg_savings": 0.04836347949463446,
    "median_savings": 25.22160021123847,
    "positive_savings_rate": 66.66666666666666,
    "avg_wait_time": 4.233333333333333,
    "action_distribution": {
      "wait": 127,
      "execute": 30
    },
    "avg_confidence": 0.6270986715026954,
    "price_improvement": 4.836347949463446,
    "net_savings": 0.04836347949463446
  },
  "total_training_steps": 2119,
  "final_epsilon": 0.34653724972211336,
  "final_buffer_size": 2150,
  "timestamp": "2026-01-22T23:45:09.939484"
}