{
  "episode": 1000,
  "avg_reward_last_50": -0.033476824387462266,
  "avg_savings_last_50": -2.37750556840566,
  "avg_loss_last_50": 0.04862849350070964,
  "epsilon": 0.05095000000000005,
  "training_steps": 2330,
  "timestamp": "2026-01-23T19:29:26.089681",
  "eval_metrics": {
    "avg_reward": 0.008957927404560547,
    "avg_savings": -0.11986398674858141,
    "median_savings": 0.0,
    "positive_savings_rate": 33.33333333333333,
    "avg_wait_time": 1.2333333333333334,
    "action_distribution": {
      "wait": 37,
      "execute": 30
    },
    "avg_confidence": 0.6402715204576288,
    "price_improvement": -11.98639867485814,
    "net_savings": -0.11986398674858141
  }
}