{
  "chain_id": 8453,
  "chain_name": "Base",
  "total_episodes": 5000,
  "actual_episodes": 5000,
  "early_stopped": false,
  "training_time_minutes": 0.5242948666666667,
  "final_avg_reward_last_100": 0.05163913042399537,
  "final_avg_savings_last_100": -0.33219813315133073,
  "best_avg_reward": 0.1392284853955293,
  "best_avg_savings": 0.2180408198764453,
  "best_eval_savings": 0.40206883135640387,
  "eval_metrics": {
    "avg_reward": -0.11885870957394015,
    "avg_savings": 0.02364111187644397,
    "median_savings": 0.0,
    "positive_savings_rate": 40.0,
    "avg_wait_time": 1.2333333333333334,
    "action_distribution": {
      "wait": 37,
      "execute": 30
    },
    "avg_confidence": 0.6116131917754216,
    "price_improvement": 2.3641111876443968,
    "net_savings": 0.02364111187644397
  },
  "total_training_steps": 11832,
  "final_epsilon": 0.05019000000000007,
  "final_buffer_size": 12390,
  "timestamp": "2026-01-24T12:08:15.131664"
}