{
  "episode": 2000,
  "avg_reward_last_50": -1.6205845621030954,
  "avg_savings_last_50": -1.691164111387926,
  "avg_loss_last_50": 0.28192477441224706,
  "epsilon": 0.05047500000000005,
  "training_steps": 11945,
  "timestamp": "2026-01-24T12:43:04.155384",
  "eval_metrics": {
    "avg_reward": -1.6954637768536989,
    "avg_savings": 0.05322200837218515,
    "median_savings": 32.67294085401045,
    "positive_savings_rate": 73.33333333333333,
    "avg_wait_time": 47.0,
    "action_distribution": {
      "wait": 1440,
      "execute": 0
    },
    "avg_confidence": 0.991720350831747,
    "price_improvement": 5.3222008372185154,
    "net_savings": 0.05322200837218515
  }
}