{
  "hour": 0.034482758620689655,
  "minute": 0.034482758620689655,
  "hour_sin": 0.034482758620689655,
  "hour_cos": 0.034482758620689655,
  "is_peak_hours": 0.034482758620689655,
  "eth_log": 0.034482758620689655,
  "eth_zscore_4h": 0.034482758620689655,
  "gas_eth_corr_1h": 0.034482758620689655,
  "util_mean_1h": 0.034482758620689655,
  "util_mean_2h": 0.034482758620689655,
  "gas_lag_5min": 0.034482758620689655,
  "gas_lag_15min": 0.034482758620689655,
  "gas_lag_30min": 0.034482758620689655,
  "gas_lag_60min": 0.034482758620689655,
  "gas_lag_1h": 0.034482758620689655,
  "gas_lag_4h": 0.034482758620689655,
  "gas_mean_1h": 0.034482758620689655,
  "gas_std_1h": 0.034482758620689655,
  "gas_median_1h": 0.034482758620689655,
  "gas_cv_1h": 0.034482758620689655,
  "gas_mean_2h": 0.034482758620689655,
  "gas_mean_4h": 0.034482758620689655,
  "momentum_1h": 0.034482758620689655,
  "momentum_pct_2h": 0.034482758620689655,
  "trend_1h_4h": 0.034482758620689655,
  "ema_trend_short": 0.034482758620689655,
  "gas_zscore_1h": 0.034482758620689655,
  "is_spike": 0.034482758620689655,
  "is_high_gas": 0.034482758620689655
}