{
  "hour_sin": 0.4589233663557507,
  "gas_std_1h": 0.3291077922586036,
  "gas_mean_4h": 0.22152584311136297,
  "gas_lag_1h": 0.09870609384107519,
  "gas_lag_30min": 0.07299586443818473,
  "gas_eth_corr_1h": 0.05579359299826515,
  "eth_zscore_4h": 0.0538647974007055,
  "gas_mean_1h": 0.050678719778269564,
  "gas_cv_1h": 0.028155833273777343,
  "gas_lag_4h": 0.00011133283890777036,
  "eth_log": -0.0,
  "gas_lag_5min": -0.0,
  "gas_lag_15min": -0.0,
  "gas_mean_2h": -0.0,
  "momentum_1h": -0.0,
  "momentum_pct_2h": -0.0,
  "gas_zscore_1h": -0.0,
  "is_spike": -0.0,
  "is_high_gas": -0.0
}