{
  "gas_cv_4h": 0.21299310800248641,
  "gas_median_4h": 0.06767700485123931,
  "gas_log_lag_1h": 0.06165423248928348,
  "gas_min_2h": 0.0444532679970349,
  "gas_min_15min": 0.041805713784118764,
  "minute": 0.03737555543680508,
  "price_position_30min": 0.034910370775847493,
  "gas_lag_1h": 0.03455791716137718,
  "momentum_pct_1h": 0.03405591593348185,
  "acceleration_30min": 0.033147818137720664,
  "gas_min_1h": 0.03201777907721438,
  "acceleration_1h": 0.03160982394776126,
  "gas_cv_2h": 0.03139360228698099,
  "gas_mean_1h": 0.022664515368710437,
  "gas_cv_1h": 0.020097030875724932,
  "gas_lag_4h": 0.020050214188220096,
  "gas_lag_5min": 0.01781455509846057,
  "gas_pct_change_30min": 0.017391345143293074,
  "momentum_1h": 0.016942626641180375,
  "gas_min_4h": 0.016225328141188843,
  "gas_min_5min": 0.011890446607067909,
  "gas_pct_change_10min": 0.011134510594323821,
  "gas_mean_30min": 0.009828907081153204,
  "gas_cv_30min": 0.009326140963329814,
  "gas_change_10min": 0.009000936797753314,
  "gas_cv_15min": 0.008885509151214614,
  "gas_cv_5min": 0.008296005638530023,
  "hour_cos": 0.007907301735830749,
  "gas_mean_5min": 0.007640810989882224,
  "acceleration_2h": 0.007384456748141616,
  "trend_30min_1h": 0.007010352388302179,
  "trend_15min_1h": 0.006474425602561704,
  "trend_1h_4h": 0.005774476966337972,
  "gas_zscore_1h": 0.005585777496835071,
  "acceleration_5min": 0.005447652179121207,
  "gas_lag_2h": 0.005180231641055364,
  "gas_lag_30min": 0.005104367868969105,
  "ema_trend_short": 0.004496257700281264,
  "gas_pct_change_15min": 0.0036215927136512165,
  "gas_lag_10min": 0.003130630362388728,
  "gas_change_30min": 0.0030884198992935114,
  "gas_pct_change_5min": 0.0028026277667832266,
  "trend_1h_2h": 0.0027719404481047396,
  "gas_mean_15min": 0.00244843083948507,
  "is_business_hours": 0.002399597917643106,
  "gas_lag_15min": 0.002340077487498356,
  "gas_log_lag_2h": 0.0022527656495228824,
  "momentum_pct_2h": 0.0021472830974201534,
  "acceleration_15min": 0.0015400367579298437,
  "gas_change_5min": 0.0015122483283525,
  "momentum_2h": 0.0014245725434274858,
  "day_of_week": 0.001157752546195072,
  "gas_min_30min": 0.0006739041213326157,
  "gas_change_15min": 0.0006608130469188459,
  "hour_sin": 0.0005594639393442056,
  "hour": 0.00020686902412656412,
  "direction_2h": 5.468002176059726e-05,
  "is_peak_hours": 0.0,
  "direction_1h": 0.0
}