{
  "hour_cos": 0.9531625453085606,
  "gas_mean_4h": 0.3276756797785066,
  "gas_lag_1h": 0.11426642076099769,
  "momentum_pct_2h": 0.03925022450068088,
  "hour": 0.03743245066740609,
  "gas_cv_1h": 0.005501466573207773,
  "gas_lag_15min": 0.0031011377294121985,
  "eth_log": -0.0,
  "gas_lag_30min": -0.0,
  "gas_mean_1h": -0.0,
  "gas_zscore_1h": -0.0,
  "is_spike": -0.0,
  "is_high_gas": -0.0,
  "gas_mean_2h": -0.0004329289638527382,
  "momentum_1h": -0.0006546304349280632,
  "eth_zscore_4h": -0.015044508988298266,
  "util_mean_2h": -0.021612039327634454,
  "util_mean_1h": -0.026462800255565577,
  "gas_eth_corr_1h": -0.03949146575320446,
  "gas_std_1h": -0.06010197183178004,
  "hour_sin": -0.06607322382783463,
  "trend_1h_4h": -0.07033618177796397,
  "gas_lag_5min": -0.07644443667981919,
  "gas_lag_4h": -0.10373573747789036
}