{
  "gas_eth_corr_1h": 0.0012678429620635034,
  "hour_sin": 0.001029457372231668,
  "gas_lag_30min": 0.00013926254426226413,
  "util_mean_2h": 0.0001037539137683896,
  "dist_pct_1h": 8.21001739986671e-05,
  "reversion_pressure": 8.21001739986671e-05,
  "is_spike": 4.6481815062937584e-05,
  "is_night_x_gas_level": 6.397931783552746e-06,
  "gas_lag_1min": 3.936814650462583e-06,
  "momentum_accel_4h": -2.145796977448544e-06,
  "momentum_24h": -4.896361821171702e-06,
  "gas_lag_15min": -5.106495215279061e-06,
  "is_high_gas": -1.4886345086129183e-05,
  "gas_lag_5min": -1.9961980328875305e-05,
  "gas_mean_4h": -4.157270621049092e-05,
  "gas_lag_2min": -4.8127143813525564e-05,
  "momentum_accel_1h": -5.0848786079049636e-05,
  "vol_ratio_1h_4h": -7.857777468097681e-05,
  "mean_reversion_signal": -0.00011781720772991999,
  "hour_cos": -0.00019016823118547243,
  "vol_regime_stable": -0.00025120214312156496,
  "vol_regime_increasing": -0.00032341422902706365,
  "momentum_pct_2h": -0.00039052992375501196,
  "momentum_4h": -0.0004412691605120589,
  "gas_lag_4h": -0.0004602212031261987,
  "is_high_volatility": -0.000584924072619919,
  "util_mean_1h": -0.0006168079033953888,
  "gas_cv_1h": -0.000856511265051163,
  "gas_zscore_1h": -0.0009502801026739949,
  "gas_mean_2h": -0.001030726714825736,
  "eth_log": -0.001243771377956504,
  "weekend_hour_interact": -0.001294009290334619,
  "trend_1h_4h": -0.001962800084275751,
  "gas_mean_1h": -0.0021936882733655794,
  "hour_x_momentum": -0.002244912868628579,
  "dist_from_mean_1h": -0.0022459426035432383,
  "is_night": -0.0026753272706078633,
  "eth_zscore_4h": -0.00294009541715744,
  "is_night_x_volatility": -0.006560607672768159,
  "hour": -0.0066285948814833184,
  "gas_lag_1h": -0.007445491034224361,
  "dist_from_mean_4h": -0.013333777841898454,
  "momentum_1h": -0.02330374488520992,
  "peak_hour_volatility": -0.06363655340179888,
  "hour_x_volatility": -0.12060066191549498,
  "gas_std_1h": -0.18557094722034737
}