{
  "hour": -0.0,
  "hour_sin": -0.0,
  "hour_cos": -0.0,
  "eth_log": -0.0,
  "eth_zscore_4h": -0.0,
  "gas_eth_corr_1h": -0.0,
  "util_mean_1h": -0.0,
  "util_mean_2h": -0.0,
  "gas_lag_4h": -0.0,
  "gas_mean_1h": -0.0,
  "gas_cv_1h": -0.0,
  "gas_mean_4h": -0.0,
  "momentum_1h": -0.0,
  "trend_1h_4h": -0.0,
  "gas_zscore_1h": -0.0,
  "is_spike": -0.0,
  "is_high_gas": -0.0,
  "gas_lag_1h": -4.844999207060385e-05,
  "momentum_pct_2h": -5.240785433426321e-05,
  "gas_lag_30min": -5.351128811988959e-05,
  "gas_lag_5min": -0.0002462668066349094,
  "gas_lag_15min": -0.0006194618080842207,
  "gas_std_1h": -0.0011553230003383042,
  "gas_mean_2h": -0.001225573993390111
}