{
  "eth_zscore_4h": 0.7676084458551217,
  "hour_cos": 0.285119724178452,
  "hour": 0.23552692246213547,
  "hour_sin": 0.08935850624803807,
  "gas_lag_4h": 0.004585280594993361,
  "eth_log": -0.0,
  "gas_eth_corr_1h": -0.0,
  "util_mean_1h": -0.0,
  "util_mean_2h": -0.0,
  "gas_lag_5min": -0.0,
  "gas_lag_15min": -0.0,
  "gas_lag_30min": -0.0,
  "gas_lag_1h": -0.0,
  "gas_cv_1h": -0.0,
  "gas_mean_2h": -0.0,
  "momentum_1h": -0.0,
  "momentum_pct_2h": -0.0,
  "trend_1h_4h": -0.0,
  "gas_zscore_1h": -0.0,
  "is_spike": -0.0,
  "is_high_gas": -0.0
}