{
  "gas_lag_4h": 1.0980011608263673e-05,
  "hour": -0.0,
  "hour_sin": -0.0,
  "hour_cos": -0.0,
  "eth_log": -0.0,
  "eth_zscore_4h": -0.0,
  "gas_eth_corr_1h": -0.0,
  "util_mean_1h": -0.0,
  "util_mean_2h": -0.0,
  "gas_mean_1h": -0.0,
  "gas_cv_1h": -0.0,
  "gas_mean_4h": -0.0,
  "momentum_1h": -0.0,
  "trend_1h_4h": -0.0,
  "gas_zscore_1h": -0.0,
  "is_spike": -0.0,
  "is_high_gas": -0.0,
  "gas_lag_1h": -3.709260958080218e-05,
  "momentum_pct_2h": -6.555119158538347e-05,
  "gas_lag_30min": -9.95646531197103e-05,
  "gas_lag_5min": -0.00033224441581410915,
  "gas_lag_15min": -0.0006281909574901212,
  "gas_mean_2h": -0.0010801844273799876,
  "gas_std_1h": -0.001374904956109324
}